<?xml version="1.0" encoding="UTF-8"?>

<!--********** Copyright 2016 Roku Corp.  All Rights Reserved. **********-->

<component name="MainScene" extends="Scene" xmlns:xsi="http://www.w3.org/2001/XMLSchema-instance" xsi:noNamespaceSchemaLocation="https://devtools.web.roku.com/schema/RokuSceneGraph.xsd">
	<!-- importing main handler -->
    <script type="text/brightscript" uri="pkg:/components/MainScene.brs" />
    
    <interface>
    	<field type="string" id="logoutValue" onChange="onLogoutUser" alwaysNotify="true" />
    </interface>
    
    <children>
    
    	<LayoutGroup id="userInput" vertAlignment="center" horizAlignment="center" translation="[960,540]">
    		<LayoutGroup id="userNameLayout" horizAlignment="left" layoutDirection="horiz" itemSpacings="[100]" >
    			<Label id="userNameLabel" text="Email : " horizAlign="left" vertAlign="center" color= "0x000000ff" height = "150" />
    			<Group>
    				<Button id="userNameBtn" text="" iconUri="" focusedIconUri="" textColor= "0xFFFF00" minWidth="500" height = "150" focusedTextColor = "0xff0000" />
    				<Label id="userNameBtnLabel" text="user Email" horizAlign="center" vertAlign="center" color="0xFFFF00" width="500" height="150" />
    			</Group>
    			
    		</LayoutGroup>
    	
    		<LayoutGroup id="userPasswordLayout" horizAlignment="left" layoutDirection="horiz" itemSpacings="[100]" >
    			<Label id="userPasswordLabel" text="Password : " horizAlign="left" vertAlign="center" color= "0x000000ff" height = "150" />
    			<Group>
    				<Button id="userPasswordBtn" text="" iconUri="" focusedIconUri="" textColor= "0xFFFF00" minWidth="500" height = "150" focusedTextColor = "0xff0000" />
    				<Label id="userPasswordBtnLabel" text="user Password" horizAlign="center" vertAlign="center" color="0xFFFF00" width="500" height="150" />
    			</Group>    			
    		</LayoutGroup>
    	
    		<Group id="userLoginLayout" translation="[860,0]" >
    			<Button id="loginBtn" text="" iconUri="" focusedIconUri="" textColor= "0xFFFF00" minWidth="200" maxWidth="200" height = "150" focusedTextColor = "0xff0000" />
    			<Label id="loginBtnLabel" text="Login" horizAlign="center" vertAlign="center" color= "0xFFFF00" width="200" height = "150" />
    		</Group>
    		
    		<Keyboard id="userKeyboard" text="" focusedKeyColor="0xffffffff" />	
    	</LayoutGroup>
    	
    </children>
    
</component>
